{
    "loss": 1.3738782405853271,
    "accuracy": 0.6978417038917542
}