{
    "loss": 0.10095351934432983,
    "accuracy": 0.5395683646202087
}