{
    "loss": 0.007006382569670677,
    "accuracy": 0.4892086386680603
}