{
    "loss": 0.8408414721488953,
    "accuracy": 0.597122311592102
}