{
    "loss": 0.06556425243616104,
    "accuracy": 0.5323740839958191
}